iteration_id,objective_value
1,-100.379242424
2,7.47126530456
3,11.3012500744
4,11.8850983232
5,11.9808929607
6,11.9968166946
7,11.9994694825
8,11.9999115813
9,11.9999852636
10,11.9999975439
