column_id,column_flow
1,0
2,1.99999991498
3,1.99999993152
